Player,Country,Team,Goals,Season
Thierry Henry,France,Arsenal FC,24,2001-2002
Jimmy Floyd Hasselbaink,Netherlands,Chelsea FC,23,2001-2002
Alan Shearer,England,Newcastle United,23,2001-2002
Ruud van Nistelrooy,Netherlands,Manchester United,23,2001-2002
Michael Owen,England,Liverpool FC,19,2001-2002
Ole Gunnar Solskjær,Norway,Manchester United,17,2001-2002
Robbie Fowler,England,Liverpool FC,15,2001-2002
Eiður Guðjohnsen,Iceland,Chelsea FC,14,2001-2002
Marians Pahars,Latvia,Southampton FC,14,2001-2002
Andy Cole,England,Manchester United,13,2001-2002
Juan Pablo Ángel,Colombia,Aston Villa,12,2001-2002
James Beattie,England,Southampton FC,12,2001-2002
Freddie Ljungberg,Sweden,Arsenal FC,12,2001-2002
Michael Ricketts,England,Bolton Wanderers,12,2001-2002
Darius Vassell,England,Aston Villa,12,2001-2002
David Beckham,England,Manchester United,11,2001-2002
Jason Euell,Jamaica,Charlton Athletic,11,2001-2002
Frédéric Kanouté,Mali,West Ham United,11,2001-2002
Kevin Phillips,England,Sunderland AFC,11,2001-2002
Mark Viduka,Australia,Leeds United,11,2001-2002
Jermain Defoe,England,West Ham United,10,2001-2002
Matt Jansen,England,Blackburn Rovers,10,2001-2002
Gustavo Poyet,Uruguay,Tottenham Hotspur,10,2001-2002
Teddy Sheringham,England,Tottenham Hotspur,10,2001-2002
Sylvain Wiltord,France,Arsenal FC,10,2001-2002
Craig Bellamy,Wales,Newcastle United,9,2001-2002
Marcus Bent,England,Ipswich Town,9,2001-2002
Dennis Bergkamp,Netherlands,Arsenal FC,9,2001-2002
Malcolm Christie,England,Derby County,9,2001-2002
Paolo Di Canio,Italy,West Ham United,9,2001-2002
Les Ferdinand,England,Tottenham Hotspur,9,2001-2002
Emile Heskey,England,Liverpool FC,9,2001-2002
Robert Pirés,France,Arsenal FC,9,2001-2002
Fabrizio Ravanelli,Italy,Derby County,9,2001-2002
Alen Bokšić,Croatia,Middlesbrough FC,8,2001-2002
Barry Hayles,Jamaica,Fulham FC,8,2001-2002
Harry Kewell,Australia,Leeds United,8,2001-2002
Steed Malbranque,France,Fulham FC,8,2001-2002
Kevin Nolan,England,Bolton Wanderers,8,2001-2002
Laurent Robert,France,Newcastle United,8,2001-2002
Louis Saha,France,Fulham FC,8,2001-2002
Paul Scholes,England,Manchester United,8,2001-2002
Brian Deane,England,Middlesbrough FC,7,2001-2002
Damien Duff,Ireland,Blackburn Rovers,7,2001-2002
David Dunn,England,Blackburn Rovers,7,2001-2002
Ryan Giggs,Wales,Manchester United,7,2001-2002
John Arne Riise,Norway,Liverpool FC,7,2001-2002
Nolberto Solano,Peru,Newcastle United,7,2001-2002
Duncan Ferguson,Scotland,Everton FC,6,2001-2002
Finidi George,Nigeria,Ipswich Town,6,2001-2002
Steve Marlet,France,Fulham FC,6,2001-2002
Danny Murphy,England,Liverpool FC,6,2001-2002
Niall Quinn,Ireland,Sunderland AFC,6,2001-2002
Tomasz Radzinski,Canada,Everton FC,6,2001-2002
Marcus Stewart,England,Ipswich Town,6,2001-2002
Lee Bowyer,England,Leeds United,5,2001-2002
Ian Harte,Ireland,Leeds United,5,2001-2002
Jonatan Johansson,Finland,Charlton Athletic,5,2001-2002
Frank Lampard,England,Chelsea FC,5,2001-2002
Kevin Lisbie,Jamaica,Charlton Athletic,5,2001-2002
James Scowcroft,England,Leicester City,5,2001-2002
Trevor Sinclair,England,West Ham United,5,2001-2002
Gary Speed,Wales,Newcastle United,5,2001-2002
Juan Sebastián Verón,Argentina,Manchester United,5,2001-2002
Christian Ziege,Germany,Tottenham Hotspur,5,2001-2002
Nicolas Anelka,France,Liverpool FC,4,2001-2002
Alun Armstrong,England,Ipswich Town,4,2001-2002
Fredi Bobic,Germany,Bolton Wanderers,4,2001-2002
Kevin Campbell,England,Everton FC,4,2001-2002
Samuele Dalla Bona,Italy,Chelsea FC,4,2001-2002
Simon Davies,Wales,Tottenham Hotspur,4,2001-2002
Paul Dickov,Scotland,Leicester City,4,2001-2002
Youri Djorkaeff,France,Bolton Wanderers,4,2001-2002
Dion Dublin,England,Aston Villa,4,2001-2002
Mikael Forssell,Finland,Chelsea FC,4,2001-2002
Craig Hignett,England,Blackburn Rovers,4,2001-2002
Steffen Iversen,Norway,Tottenham Hotspur,4,2001-2002
Muzzy Izzet,Turkey,Leicester City,4,2001-2002
Jari Litmanen,Finland,Liverpool FC,4,2001-2002
Steve Lomas,Northern Ireland,West Ham United,4,2001-2002
Lee Morris,England,Derby County,4,2001-2002
Vladimír Šmicer,Czech Republic,Liverpool FC,4,2001-2002
Alan Smith,England,Leeds United,4,2001-2002
Branko Strupar,Belgium,Derby County,4,2001-2002
Anders Svensson,Sweden,Southampton FC,4,2001-2002
Steve Watson,England,Everton FC,4,2001-2002
David Weir,Scotland,Everton FC,4,2001-2002
Noel Whelan,England,Middlesbrough FC,4,2001-2002
Clarence Acuña,Chile,Newcastle United,3,2001-2002
Darren Anderton,England,Tottenham Hotspur,3,2001-2002
Olivier Bernard,France,Newcastle United,3,2001-2002
Nick Chadwick,England,Everton FC,3,2001-2002
Nikolaos Dabizas,Greece,Newcastle United,3,2001-2002
Kieron Dyer,England,Newcastle United,3,2001-2002
Per Frandsen,Denmark,Bolton Wanderers,3,2001-2002
Ricardo Gardner,Jamaica,Bolton Wanderers,3,2001-2002
Steven Gerrard,England,Liverpool FC,3,2001-2002
Matt Holland,Ireland,Ipswich Town,3,2001-2002
Sami Hyypiä,Finland,Liverpool FC,3,2001-2002
Nwankwo Kanu,Nigeria,Arsenal FC,3,2001-2002
Robbie Keane,Ireland,Leeds United,3,2001-2002
Roy Keane,Ireland,Manchester United,3,2001-2002
Tugay Kerimoğlu,Turkey,Blackburn Rovers,3,2001-2002
Paul Kitson,England,West Ham United,3,2001-2002
Sylvain Legwinski,France,Fulham FC,3,2001-2002
Lomana LuaLua,Congo DR,Newcastle United,3,2001-2002
Chris Marsden,England,Southampton FC,3,2001-2002
Szilárd Németh,Slovakia,Middlesbrough FC,3,2001-2002
Sixto Peralta,Argentina,Ipswich Town,3,2001-2002
Claudio Reyna,USA,Sunderland AFC,3,2001-2002
Graham Stuart,England,Charlton Athletic,3,2001-2002
Dean Sturridge,England,Leicester City,3,2001-2002
Ian Taylor,England,Aston Villa,3,2001-2002
David Unsworth,England,Everton FC,3,2001-2002
Rodney Wallace,England,Bolton Wanderers,3,2001-2002
Boudewijn Zenden,Netherlands,Chelsea FC,3,2001-2002
Gianfranco Zola,Italy,Chelsea FC,3,2001-2002
Ade Akinbiyi,England,Leicester City,2,2001-2002
Niclas Alexandersson,Sweden,Everton FC,2,2001-2002
Eirik Bakke,Norway,Leeds United,2,2001-2002
Steve Brown,England,Charlton Athletic,2,2001-2002
Sol Campbell,England,Arsenal FC,2,2001-2002
Benito Carbone,Italy,Middlesbrough FC,2,2001-2002
Michael Carrick,England,West Ham United,2,2001-2002
Jamie Clapham,England,Ipswich Town,2,2001-2002
Ashley Cole,England,Arsenal FC,2,2001-2002
Colin Cooper,England,Middlesbrough FC,2,2001-2002
Peter Crouch,England,Aston Villa,2,2001-2002
Kevin Davies,England,Southampton FC,2,2001-2002
Rory Delap,Ireland,Southampton FC,2,2001-2002
Lauren Etame Mayer,Cameroon,Arsenal FC,2,2001-2002
Keith Gillespie,Northern Ireland,Blackburn Rovers,2,2001-2002
Thomas Gravesen,Denmark,Everton FC,2,2001-2002
Mustapha Hadji,Morocco,Aston Villa,2,2001-2002
Lee Hendrie,England,Aston Villa,2,2001-2002
Dean Holdsworth,England,Bolton Wanderers,2,2001-2002
Paul Ince,England,Middlesbrough FC,2,2001-2002
Francis Jeffers,England,Arsenal FC,2,2001-2002
Hassan Kachloul,Morocco,Aston Villa,2,2001-2002
Kevin Kilbane,Ireland,Sunderland AFC,2,2001-2002
Carlos Marinelli,Argentina,Middlesbrough FC,2,2001-2002
Jason McAteer,Ireland,Sunderland AFC,2,2001-2002
Mario Melchiot,Netherlands,Chelsea FC,2,2001-2002
Paul Merson,England,Aston Villa,2,2001-2002
Joe-Max Moore,USA,Everton FC,2,2001-2002
Robbie Mustoe,England,Middlesbrough FC,2,2001-2002
Phil Neville,England,Manchester United,2,2001-2002
Andy O'Brien,Ireland,Newcastle United,2,2001-2002
Ian Pearce,England,West Ham United,2,2001-2002
Franck Queudrue,France,Middlesbrough FC,2,2001-2002
Dean Richards,England,Tottenham Hotspur,2,2001-2002
Alan Stubbs,England,Everton FC,2,2001-2002
Jo Tessem,Norway,Southampton FC,2,2001-2002
Patrick Vieira,France,Arsenal FC,2,2001-2002
Yordi,Spain,Blackburn Rovers,2,2001-2002
Abel Xavier,Portugal,Liverpool FC,1,2001-2002
Julio Arca,Argentina,Sunderland AFC,1,2001-2002
Chris Bart-Williams,England,Charlton Athletic,1,2001-2002
Shaun Bartlett,South Africa,Charlton Athletic,1,2001-2002
Darren Bent,England,Ipswich Town,1,2001-2002
Henning Berg,Norway,Blackburn Rovers,1,2001-2002
Patrik Berger,Czech Republic,Liverpool FC,1,2001-2002
Guðni Bergsson,Iceland,Bolton Wanderers,1,2001-2002
Nathan Blake,Wales,Blackburn Rovers,1,2001-2002
Laurent Blanc,France,Manchester United,1,2001-2002
Jesper Blomqvist,Sweden,Everton FC,1,2001-2002
Boa Morte,Portugal,Fulham FC,1,2001-2002
George Boateng,Netherlands,Aston Villa,1,2001-2002
Deon Burton,Jamaica,Derby County,1,2001-2002
Nicky Butt,England,Manchester United,1,2001-2002
Lee Carsley,Ireland,Everton FC,1,2001-2002
Carlton Cole,England,Chelsea FC,1,2001-2002
Carl Cort,Guyana,Newcastle United,1,2001-2002
Jody Craddock,England,Sunderland AFC,1,2001-2002
Marcel Desailly,France,Chelsea FC,1,2001-2002
Edu Gaspar,Brazil,Arsenal FC,1,2001-2002
Ugo Ehiogu,England,Middlesbrough FC,1,2001-2002
Robbie Elliott,England,Newcastle United,1,2001-2002
Émerson Thome,Brazil,Sunderland AFC,1,2001-2002
Fabrice Fernandes,France,Southampton FC,1,2001-2002
Gianluca Festa,Italy,Middlesbrough FC,1,2001-2002
Gary Flitcroft,England,Blackburn Rovers,1,2001-2002
Quinton Fortune,South Africa,Manchester United,1,2001-2002
Thomas Gaardsøe,Denmark,Ipswich Town,1,2001-2002
William Gallas,France,Chelsea FC,1,2001-2002
Paul Gascoigne,England,Everton FC,1,2001-2002
Scott Gemmill,Scotland,Everton FC,1,2001-2002
Bjarne Goldbæk,Denmark,Fulham FC,1,2001-2002
Corrado Grabbi,Italy,Blackburn Rovers,1,2001-2002
Jonathan Greening,England,Middlesbrough FC,1,2001-2002
Dietmar Hamann,Germany,Liverpool FC,1,2001-2002
Bo Hansen,Denmark,Bolton Wanderers,1,2001-2002
Danny Higginbotham,Gibraltar,Derby County,1,2001-2002
Thomas Hitzlsperger,Germany,Aston Villa,1,2001-2002
Hermann Hreiðarsson,Iceland,Ipswich Town,1,2001-2002
Mark Hughes,Wales,Blackburn Rovers,1,2001-2002
Don Hutchison,Scotland,West Ham United,1,2001-2002
Claus Jensen,Denmark,Charlton Athletic,1,2001-2002
Ronny Johnsen,Norway,Manchester United,1,2001-2002
Damien Johnson,Northern Ireland,Blackburn Rovers,1,2001-2002
Allan Johnston,Scotland,Middlesbrough FC,1,2001-2002
Matty Jones,Wales,Leicester City,1,2001-2002
Giorgi Kinkladze,Georgia,Derby County,1,2001-2002
Paul Konchesky,England,Charlton Athletic,1,2001-2002
Graeme Le Saux,England,Chelsea FC,1,2001-2002
Rob Lee,England,Newcastle United,1,2001-2002
Patrick M'Boma,Cameroon,Sunderland AFC,1,2001-2002
Charlie MacDonald,England,Charlton Athletic,1,2001-2002
Alan Mahon,Ireland,Blackburn Rovers,1,2001-2002
Youl Mawéné,France,Derby County,1,2001-2002
John McGreal,England,Ipswich Town,1,2001-2002
Danny Mills,England,Leeds United,1,2001-2002
Bruno N'Gotty,France,Bolton Wanderers,1,2001-2002
Richard Naylor,England,Ipswich Town,1,2001-2002
Lucas Neill,Australia,Blackburn Rovers,1,2001-2002
Stefan Oakes,England,Leicester City,1,2001-2002
Matt Oakley,England,Southampton FC,1,2001-2002
Brett Ormerod,England,Southampton FC,1,2001-2002
Scott Parker,England,Charlton Athletic,1,2001-2002
Mark Pembridge,Wales,Everton FC,1,2001-2002
Emmanuel Petit,France,Chelsea FC,1,2001-2002
Matthew Piper,England,Leicester City,1,2001-2002
Alessandro Pistone,Italy,Everton FC,1,2001-2002
Chris Powell,England,Charlton Athletic,1,2001-2002
Darryl Powell,Jamaica,Derby County,1,2001-2002
Serhiy Rebrov,Ukraine,Tottenham Hotspur,1,2001-2002
Jamie Redknapp,England,Liverpool FC,1,2001-2002
Martijn Reuser,Netherlands,Ipswich Town,1,2001-2002
John Robinson,Wales,Charlton Athletic,1,2001-2002
Marvin Robinson,England,Derby County,1,2001-2002
Richard Rufus,England,Charlton Athletic,1,2001-2002
Sebastien Schemmel,France,West Ham United,1,2001-2002
Peter Schmeichel,Denmark,Aston Villa,1,2001-2002
Stefan Schwarz,Sweden,Sunderland AFC,1,2001-2002
Nicky Southall,England,Bolton Wanderers,1,2001-2002
Gareth Southgate,England,Middlesbrough FC,1,2001-2002
Mario Stanić,Croatia,Chelsea FC,1,2001-2002
Jonathan Stevenson,England,Leicester City,1,2001-2002
Robbie Stockdale,Scotland,Middlesbrough FC,1,2001-2002
Steve Stone,England,Aston Villa,1,2001-2002
Paul Telfer,Scotland,Southampton FC,1,2001-2002
John Terry,England,Chelsea FC,1,2001-2002
Giovanni van Bronckhorst,Netherlands,Arsenal FC,1,2001-2002
Mark Venus,England,Ipswich Town,1,2001-2002
Dean Windass,England,Middlesbrough FC,1,2001-2002
Dennis Wise,England,Leicester City,1,2001-2002
Jermaine Wright,England,Ipswich Town,1,2001-2002
Dwight Yorke,Trinidad & Tobago,Manchester United,1,2001-2002
